Hostname;IP 
172.29.151.22;B3000CJ04259X
172.29.151.23;B3000CJ040UZ6
172.29.151.24;B6500CJ0423T6
172.29.151.25;B5000CJ040ENR
172.29.151.26;B3000CJ0429YE
172.29.151.27;B6000CJ040V2F
172.29.151.28;B3000CJ040UWT
172.29.151.29;B5000CJ040UWB
172.29.151.30;B5000CJ0425QC
172.29.151.31;B3000PC0CTRYP
172.29.151.44;B3000PF1YQV08
172.29.151.55;B6500PF30EZEL
172.29.151.56;B6500PC0CTSPU
172.29.151.58;B3000PC0CTSBK
172.29.151.59;B6500PC0CTSXR
172.29.151.61;B3000CJ040UQJ
172.29.151.69;B6500PC0CTNDX
172.29.151.70;B3000CJ043682
172.29.151.71;B3000PC0CTSZ5
172.29.151.73;B3000CJ0423G4
172.29.151.74;B1800PC0CTS8K
172.29.151.76;B3000CJ0423S3
172.29.151.78;B3000PF30EJ24
172.29.151.80;B3000PC0CU792
172.29.151.85;B3000PC0LAS0R
172.29.151.86;B6500PC0CU7B3
172.29.151.87;B3000CJ0425HG
172.29.151.94;B6500CJ0423YA
172.29.151.98;B3212PC0CTS6T
172.29.151.101;B6500PF30EL2P
172.29.151.106;B3212CJ0429QS
172.29.151.108;B1600CJ042416
172.29.151.109;B3000P232D8XR
172.29.151.117;B5000CJ04275L
172.29.151.118;B3000CJ04367C
172.29.151.119;B2000CJ0423B3
172.29.151.122;B3000CJ040EXZ
172.29.151.124;B3212CJ0426FB
172.29.151.125;B3000CJ040V1W
172.29.151.126;B3000CJ040UR2
172.29.151.127;B3000CJ042F7X
172.29.151.131;B3212PC0CTSBN
172.29.151.133;B3142PC0CTSSX
172.29.151.134;B5000CJ040UWA
172.29.151.135;B4100PC0CTSYS
172.29.151.139;B3212PC0CTSXM
172.29.151.145;B3000CJ0435VN
172.29.151.146;B3000PF2L6Y9G
172.29.151.147;B3212PC0CTS8E
172.29.151.149;B5000CJ0425KB
172.29.151.152;B2000CJ040VB6
172.29.151.153;P0001CJ0435SU
172.29.151.154;B5000CJ040U8R
172.29.151.156;B5000CJ04268W
172.29.151.159;B3212PC0CTS9N
172.29.151.161;B3000CJ040UQ5
172.29.151.162;B3000P232D8XL
172.29.151.164;B5000CJ040V4W
172.29.151.165;B3212PC0CTSVE
172.29.151.166;B5000PF30D6P0
172.29.151.168;B3212CJ042682
172.29.151.172;B3000PF30E9DV
172.29.151.174;B3000PC0CTST7
172.29.151.176;B5000CJ040V5L
172.29.151.177;B3000PC0CTSJ6
172.29.151.179;B3000CJ0429WE
172.29.151.180;B3212PC0JKDP3
172.29.151.191;B6500CJ042646
172.29.151.192;B3000CJ042ADF
172.29.151.198;B1800CJ040UTZ
172.29.151.200;B3212PC0CTT1J
172.29.151.202;30000PC0CTS6R
172.29.151.206;B6500PF30EL4E
172.29.151.219;B3000CJ0426NY
172.29.151.220;B3000PC0CTT2Q
172.29.151.223;B3212CJ042ACP
172.29.151.228;B3000PC0CTT3C
